Loan_ID,customer_id,customer_name,customer_phnumber
LP001002,26,Felisha,821-391-4620
LP001003,89,Bentlee,831-440-7314
LP001004,64,Abramo,479-522-4716
LP001005,100,Eddi,706-925-5754
LP001006,92,Dot,245-567-7830
LP001007,27,Fiona,174-270-9097
LP001008,3,Normand,206-217-0902
LP001009,49,Anatollo,953-534-0231
LP001010,76,Brad,814-967-3742
LP001011,85,Talya,831-266-0429
LP001012,48,Christiane,365-383-4587
LP001013,29,Hollyanne,851-609-1494
LP001014,6,Jeth,392-533-7748
LP001015,17,Michelle,149-254-8312
LP001016,19,Oliviero,760-678-4410
LP001017,17,Kristofer,262-636-4196
LP001018,11,Bonnie,586-829-7259
LP001019,74,Katti,387-643-3217
LP001020,54,Bowie,249-219-9661
LP001021,36,Derron,824-979-1204
LP001022,71,Lonnie,310-783-9526
LP001023,72,Chelsie,388-725-1349
LP001024,29,Hilliary,412-430-8875
LP001025,58,Dario,581-143-2605
LP001026,30,Rodrick,169-828-7647
LP001027,63,Liesa,996-707-0979
LP001028,38,Samuele,257-284-6446
LP001029,22,Ethelin,575-335-4106
LP001030,21,Bambie,823-633-5639
LP001031,62,Mathe,386-989-6291
LP001032,34,Carolin,997-926-2234
LP001033,68,Emmie,792-672-9194
LP001034,92,Margi,673-911-6499
LP001035,83,Wilmar,389-702-5185
LP001036,75,Florrie,278-828-4627
LP001037,34,Antonio,183-947-3975
LP001038,6,Cissiee,987-974-7178
LP001039,95,Gertie,787-451-1767
LP001040,74,Iver,385-979-6488
LP001041,86,Deedee,774-436-8655
LP001042,44,Otis,759-273-5383
LP001043,5,Lanni,184-524-2085
LP001044,54,Rustie,951-691-2615
LP001045,77,Gizela,744-632-9766
LP001046,43,Kacey,131-340-1403
LP001047,77,Kial,341-579-0487
LP001048,90,Alene,152-724-0338
LP001049,41,Clare,955-109-4958
LP001050,20,Tracey,141-913-5473
LP001051,86,Jarad,870-953-4119
LP001052,85,Tamma,140-113-3332
LP001053,32,Laurens,456-468-5589
LP001054,37,Leese,953-112-0191
LP001055,46,Amalee,904-629-3779
LP001056,90,Heddie,194-527-3082
LP001057,48,Danny,515-707-5675
LP001058,73,Marlon,967-861-6287
LP001059,100,Dion,904-631-1871
LP001060,3,Tani,703-635-4110
LP001061,95,Evvie,134-494-3195
LP001062,41,Mandel,474-157-1658
LP001063,7,Justina,370-866-4827
LP001064,44,Tracey,388-493-5038
LP001065,29,Homere,206-161-9882
LP001066,29,Luigi,143-965-7475
LP001067,20,Krispin,992-294-4393
LP001068,53,Cariotta,334-388-4200
LP001069,14,Ivett,289-471-8558
LP001070,89,George,454-660-3664
LP001071,66,Veriee,951-398-1880
LP001072,46,Kaleena,228-986-2849
LP001073,63,Selinda,329-381-3588
LP001074,75,Madeline,767-197-3568
LP001075,5,Emanuel,473-586-2970
LP001076,77,Clarine,507-211-6477
LP001077,85,Shay,185-667-6564
LP001078,100,Marla,198-844-0194
LP001079,25,Marcelle,868-373-6704
LP001080,46,Florella,509-783-0873
LP001081,67,Nicola,248-707-9884
LP001082,16,Dorree,720-294-1804
LP001083,43,Corissa,704-107-7410
LP001084,88,Domingo,487-763-4564
LP001085,3,Gerrilee,752-733-1978
LP001086,12,Dal,464-606-0525
LP001087,93,Karole,240-960-7714
LP001088,88,Matthew,385-259-8421
LP001089,100,Ulrika,441-603-0848
LP001090,51,Olive,423-920-0014
LP001091,21,Roda,894-782-3775
LP001092,18,Shannah,287-896-1926
LP001093,74,Elena,528-689-7876
LP001094,86,Nikolos,663-373-5130
LP001095,19,Chloe,300-524-0286
LP001096,22,Elena,910-419-0375
LP001097,77,Rosco,493-926-5589
LP001098,72,Friederike,782-838-4020
LP001099,57,Felix,756-385-8190
LP001100,50,Agace,541-456-6880
LP001101,52,Koressa,909-277-1242
LP001102,3,Zak,266-381-7147
LP001103,19,Tremaine,370-268-1296
LP001104,1,Laird,203-176-4011
LP001105,95,Latashia,396-703-3937
LP001106,47,Alfredo,225-989-5549
LP001107,45,Glyn,885-752-2511
LP001108,29,Frannie,826-870-0289
LP001109,78,Cecilia,453-307-2840
LP001110,95,Hogan,867-547-9310
LP001111,78,Natalya,662-955-8510
LP001112,29,Helenelizabeth,266-897-5420
LP001113,30,Harmon,382-397-8971
LP001114,61,Shelli,887-948-2388
LP001115,94,Pippo,734-533-6099
LP001116,9,Dame,362-506-5600
LP001117,51,Lilian,452-453-0775
LP001118,64,Georgena,591-472-7026
LP001119,94,Salomone,858-467-2551
LP001120,24,Quent,865-976-6789
LP001121,86,Karolina,350-767-9963
LP001122,25,Franchot,357-978-6433
LP001123,11,West,379-604-3354
LP001124,3,Gennifer,375-540-8253
LP001125,12,Madelaine,239-783-1689
LP001126,3,Buddy,975-272-6387
LP001127,41,Ted,155-424-6375
LP001128,94,Bennie,387-852-6460
LP001129,88,Jacky,537-710-2335
LP001130,72,Bliss,294-590-1228
LP001131,37,Townie,635-765-5825
LP001132,37,Neda,404-160-8042
LP001133,40,Verene,566-436-9725
LP001134,85,Edita,105-246-3380
LP001135,53,Nariko,220-571-3025
LP001136,35,Edd,553-206-8287
LP001137,15,Gibby,814-104-3583
LP001138,85,Borg,665-171-8441
LP001139,26,Lyndell,379-238-1068
LP001140,38,Tull,611-845-2371
LP001141,84,Lou,245-482-4287
LP001142,31,Harbert,420-881-1125
LP001143,16,Elisabet,172-498-2503
LP001144,91,Cassandry,359-136-8487
LP001145,69,Con,717-389-6377
LP001146,37,Kean,593-389-3960
LP001147,45,Garnette,319-806-3577
LP001148,4,Harmonia,225-131-4930
LP001149,56,Noble,583-813-7299
LP001150,4,Cobb,389-949-4505
LP001151,10,Janean,851-323-1228
LP001152,24,Wallie,449-933-2169
LP001153,82,Kendall,499-677-6557
LP001154,1,Tabby,924-386-8454
LP001155,33,Shirl,568-216-1349
LP001156,100,Garrick,248-950-7852
LP001157,16,Ingram,846-385-7648
LP001158,93,Kelley,128-597-2961
LP001159,65,Fran,217-233-4129
LP001160,90,Michal,358-100-8548
LP001161,88,Lorrie,642-531-3221
LP001162,12,Ruddie,416-459-2580
LP001163,2,Simone,842-564-6722
LP001164,25,Coop,531-931-7519
LP001165,93,Betsy,120-404-9070
LP001166,94,Codee,841-499-6656
LP001167,71,Alvin,692-418-2201
LP001168,20,Kessia,755-990-7311
LP001169,51,Odilia,589-171-6364
LP001170,66,Betsy,542-281-7324
LP001171,47,Annis,202-993-4066
LP001172,43,Marlowe,911-798-5236
LP001173,99,Joli,129-748-8713
LP001174,16,Chrotoem,224-491-4301
LP001175,71,Abra,926-292-1439
LP001176,84,Kristo,339-507-2252
LP001177,68,Mohammed,242-779-7595
LP001178,41,Averyl,289-942-6039
LP001179,94,Husein,983-872-3107
LP001180,74,Malissa,479-770-6632
LP001181,52,Sandye,511-547-1768
LP001182,71,Caprice,280-365-2486
LP001183,89,Hartwell,658-488-1258
LP001184,86,Nickey,474-874-6391
LP001185,27,Sheri,402-261-6256
LP001186,1,Eamon,270-177-1513
LP001187,16,Keelby,525-591-5020
LP001188,24,Mag,875-871-8282
LP001189,74,Kelsey,685-456-5546
LP001190,28,Friedrich,164-454-0707
LP001191,17,Josefa,759-578-4775
LP001192,89,Michele,723-149-9072
LP001193,5,Judah,895-507-9209
LP001194,61,Yetta,355-741-2444
LP001195,39,Lezlie,788-679-9481
LP001196,31,Eddy,256-177-0543
LP001197,30,Silvano,416-497-3264
LP001198,43,Viviyan,449-225-5877
LP001199,22,Marcelia,786-442-4485
LP001200,7,Corabella,633-284-3483
LP001201,11,Janek,225-711-0035
LP001202,6,Annnora,207-381-2081
LP001203,33,Dniren,251-629-1896
LP001204,14,Allx,306-940-4627
LP001205,12,Linus,511-497-0364
LP001206,15,Branden,546-900-2560
LP001207,12,Kelcy,351-806-9335
LP001208,21,Brigitte,946-825-6255
LP001209,18,Jedd,934-478-9707
LP001210,9,Cord,116-234-8478
LP001211,59,Denys,647-518-9136
LP001212,42,Lucky,999-655-4673
LP001213,25,Feodora,362-188-3451
LP001214,69,Claresta,879-942-8295
LP001215,75,Lion,198-663-3265
LP001216,79,Jandy,188-437-9884
LP001217,72,Alford,411-619-5086
LP001218,30,Harriot,822-361-5123
LP001219,99,Taffy,381-451-1751
LP001220,76,Gunilla,626-558-1913
LP001221,96,Vickie,861-868-4802
LP001222,37,Valentine,658-198-1441
LP001223,90,Jess,698-305-0589
LP001224,65,Ola,285-825-0574
LP001225,65,Cammy,706-293-8271
LP001226,91,Manda,518-809-0365
LP001227,50,Avery,316-222-7745
LP001228,70,Cthrine,933-779-6665
LP001229,8,Bess,359-893-5700
LP001230,78,Goran,726-574-7367
LP001231,95,Shandra,669-704-8375
LP001232,82,Gayelord,169-145-4369
LP001233,21,Hillel,450-701-9431
LP001234,12,Zebadiah,674-694-6289
LP001235,19,Carmine,240-799-9315
LP001236,1,Allin,276-533-9584
LP001237,37,Aurie,648-798-0106
LP001238,90,Haven,271-727-7928
LP001239,3,West,418-983-2725
LP001240,90,Dudley,642-562-9106
LP001241,21,Tildy,358-455-3216
LP001242,13,Alasdair,116-751-2926
LP001243,63,Arliene,687-627-7619
LP001244,91,Jolynn,957-841-1976
LP001245,23,Keane,793-992-7811
LP001246,9,Simmonds,377-920-8524
LP001247,27,Danita,237-586-2041
LP001248,85,Gilligan,704-535-6669
LP001249,97,Ray,259-767-9433
LP001250,28,Stafani,461-360-0808
LP001251,48,Jackie,644-303-8247
LP001252,16,Raimund,905-176-8286
LP001253,11,Sharl,950-653-4603
LP001254,19,Rickie,532-467-6098
LP001255,15,Lion,540-381-1515
LP001256,57,Kipp,189-984-6162
LP001257,37,Danica,892-515-4620
LP001258,20,Fredelia,610-204-0076
LP001259,97,Basia,765-235-6650
LP001260,67,Sula,785-736-0961
LP001261,1,Sterling,861-179-0192
LP001262,9,Crystal,756-666-9968
LP001263,3,Giustino,229-789-5689
LP001264,92,Rozalie,645-807-7676
LP001265,95,Chantal,567-412-4387
LP001266,16,Devinne,133-112-1571
LP001267,13,Ralf,841-801-1960
LP001268,38,Dougy,512-628-0178
LP001269,78,Douglass,318-209-2599
LP001270,53,Land,564-367-8827
LP001271,76,Vince,213-600-7723
LP001272,25,Harley,624-280-7655
LP001273,66,Brockie,937-175-6985
LP001274,79,Lotte,537-454-9390
LP001275,44,Verna,813-959-6302
LP001276,71,Fiona,649-949-2402
LP001277,39,Taylor,540-464-2702
LP001278,60,Stacee,176-544-2636
LP001279,89,Larry,948-132-0762
LP001280,82,Orlan,842-480-1554
LP001281,85,Cosme,316-993-9821
LP001282,94,Joelie,593-706-4289
LP001283,10,Franzen,387-562-6969
LP001284,68,Conchita,999-839-0762
LP001285,42,Foss,691-293-4693
LP001286,6,Fidelia,338-215-5082
LP001287,6,Ruthie,287-603-0845
LP001288,40,Joey,903-967-8079
LP001289,38,Neils,851-931-7822
LP001290,60,Dilan,310-170-8807
LP001291,73,Kit,953-269-9955
LP001292,30,Lissie,529-273-2651
LP001293,70,Larisa,345-399-2189
LP001294,90,Cornelle,536-603-5945
LP001295,39,Norah,196-747-5722
LP001296,56,Dore,326-292-2577
LP001297,57,Ara,159-305-1235
LP001298,13,Lonee,504-291-7268
LP001299,19,Claude,862-132-0381
LP001300,43,Greggory,803-999-3007
LP001301,60,Baldwin,300-746-8436
LP001302,35,Ben,572-443-4555
LP001303,55,Krissy,608-840-4172
LP001304,26,Alasdair,607-304-8382
LP001305,53,Jorry,195-953-9073
LP001306,27,Robbi,170-820-6108
LP001307,15,Berthe,752-502-4096
LP001308,3,Glad,973-963-4019
LP001309,38,Melva,158-581-2626
LP001310,92,Martina,360-257-5442
LP001311,5,Corene,874-805-8481
LP001312,13,Cecelia,571-368-5732
LP001313,89,Loella,158-510-8688
LP001314,97,Carie,297-339-9474
LP001315,11,Levy,767-192-8786
LP001316,5,Wyn,784-249-6655
LP001317,91,Eugenius,894-756-0707
LP001318,14,Bunny,247-209-5875
LP001319,48,Ange,861-795-7076
LP001320,56,Gallard,721-187-0453
LP001321,27,Hildegaard,354-713-8691
LP001322,50,Bar,435-511-4328
LP001323,18,Alanson,993-549-3773
LP001324,71,Gael,105-640-1055
LP001325,12,Latrena,362-626-9857
LP001326,75,Natividad,500-894-7914
LP001327,57,Hedi,743-286-7106
LP001328,4,Sonja,541-303-5228
LP001329,36,Roland,421-126-2109
LP001330,4,Dieter,578-864-7623
LP001331,95,Minny,228-393-8432
LP001332,57,Dania,574-759-6967
LP001333,54,Courtney,697-305-5321
LP001334,23,Rorie,777-724-4601
LP001335,35,Maximilien,996-958-0919
LP001336,31,Geoffrey,575-314-4242
LP001337,34,Quinton,209-200-2476
LP001338,32,Christel,584-828-2087
LP001339,68,Maxim,878-459-4640
LP001340,60,Inigo,915-675-1290
LP001341,70,Lance,389-870-5221
LP001342,94,Duane,553-253-3159
LP001343,81,Meghan,939-757-4499
LP001344,27,Isak,362-996-1056
LP001345,88,Brodie,768-364-7664
LP001346,8,Keslie,845-951-3850
LP001347,62,Theda,674-364-7861
LP001348,90,Rosabelle,829-347-2921
LP001349,86,Maxy,614-185-1390
LP001350,11,Clarita,782-640-9697
LP001351,8,Humbert,439-278-1038
LP001352,54,Marylou,678-319-1009
LP001353,12,Ema,631-416-5524
LP001354,73,Xaviera,218-102-1257
LP001355,40,Rosene,848-587-7949
LP001356,44,Judon,212-194-2425
LP001357,12,Spike,499-299-7655
LP001358,53,Ivett,540-835-7650
LP001359,64,Else,931-344-5513
LP001360,46,Mano,189-808-1060
LP001361,33,Erhard,413-694-8225
LP001362,19,Audrey,805-744-9138
LP001363,51,Lorenzo,149-707-2225
LP001364,34,Vida,861-201-4064
LP001365,61,Jennilee,203-506-3982
LP001366,65,Desiree,895-870-8249
LP001367,20,Lilia,184-789-6528
LP001368,2,Aprilette,139-387-8668
LP001369,67,Chick,461-597-1808
LP001370,52,Elyn,524-978-2968
LP001371,97,Florri,506-557-2648
LP001372,29,Flinn,296-535-3348
LP001373,40,Fey,485-357-6857
LP001374,67,Moishe,703-350-6619
LP001375,61,Jakob,628-481-0550
LP001376,67,Ki,952-957-9605
LP001377,66,Lynea,915-713-9323
LP001378,56,Aundrea,655-895-0017
LP001379,55,Stinky,298-726-6612
LP001380,80,Kathy,222-112-3758
LP001381,16,Stirling,499-740-2517
LP001382,9,Claribel,857-831-7742
LP001383,39,Enoch,239-341-5244
LP001384,94,Myrle,888-442-7995
LP001385,13,Serge,278-788-8707
LP001386,64,Verne,776-209-7514
LP001387,81,Abe,112-147-8689
LP001388,84,Rufe,995-246-6755
LP001389,59,Raina,654-413-3497
LP001390,39,Gideon,706-123-1773
LP001391,4,Etta,263-246-0497
LP001392,31,Appolonia,845-111-2331
LP001393,52,Charo,961-871-1695
LP001394,59,Jennica,642-318-1116
LP001395,61,Siouxie,611-896-8159
LP001396,78,Lurline,767-379-3936
LP001397,57,Eula,835-858-4746
LP001398,64,Daniel,720-810-3987
LP001399,10,Salvidor,156-603-9206
LP001400,38,Biron,634-938-9842
LP001401,16,Sonnie,730-523-9398
LP001402,75,Shayne,320-229-7798
LP001403,85,Romonda,305-131-7022
LP001404,55,Charla,910-414-5511
LP001405,22,Ericha,838-678-3054
LP001406,65,Dulsea,487-256-9886
LP001407,70,Barbabra,691-355-8901
LP001408,23,Rainer,248-349-9504
LP001409,55,Annabela,626-829-0497
LP001410,38,Alanah,485-884-1033
LP001411,48,Leda,342-705-6985
LP001412,61,Sunny,838-717-6798
LP001413,4,Timothy,770-314-7768
LP001414,49,Padriac,588-815-4426
LP001415,57,Lorna,526-377-8303
LP001416,64,Filide,149-102-4347
LP001417,45,Bret,427-597-4731
LP001418,85,Dame,913-264-0836
LP001419,48,Audrye,103-795-2125
LP001420,72,Ajay,585-346-2657
LP001421,97,Rheta,800-502-6288
LP001422,29,Cindie,626-337-1426
LP001423,8,Cleon,119-928-1615
LP001424,85,Helsa,649-683-2867
LP001425,20,Sonnnie,991-405-1128
LP001426,14,Gayelord,797-155-5088
LP001427,13,Tripp,701-221-1391
LP001428,48,Shayne,488-630-4509
LP001429,1,Perry,166-661-5818
LP001430,65,Averell,866-485-5357
LP001431,31,Nike,931-137-4591
LP001432,98,Gottfried,503-574-8083
LP001433,10,Alfonso,197-602-4108
LP001434,94,Catherin,164-159-0379
LP001435,81,Harv,632-291-4154
LP001436,53,Tamara,283-999-3241
LP001437,56,Jocelyne,353-227-2981
LP001438,100,Haily,775-241-4818
LP001439,54,Herby,764-611-3175
LP001440,46,Jojo,674-177-2274
LP001441,47,Geralda,526-754-6931
LP001442,98,Garry,245-337-3414
LP001443,56,Gabriella,824-305-1634
LP001444,70,Peter,706-291-7050
LP001445,7,Joceline,177-920-5106
LP001446,41,Carina,493-449-9179
LP001447,81,Quinton,586-113-9594
LP001448,84,Gerri,903-536-2631
LP001449,82,Cathyleen,600-697-1304
LP001450,87,Adelle,890-966-0325
LP001451,12,Edita,980-875-1692
LP001452,49,Riki,297-539-2150
LP001453,39,Alberta,191-236-6582
LP001454,58,Reggis,905-963-0176
LP001455,63,Aldis,491-585-9544
LP001456,37,Barn,961-302-7424
LP001457,14,Gordie,899-672-4393
LP001458,43,Giorgia,100-595-6160
LP001459,36,Dayle,708-849-3791
LP001460,11,Godart,467-647-0421
LP001461,41,Frederik,617-245-5245
LP001462,23,Gracia,512-859-4749
LP001463,49,Ninnetta,350-854-1913
LP001464,87,Harman,345-119-1975
LP001465,44,Sunshine,571-925-5990
LP001466,83,Nisse,457-804-2714
LP001467,7,Byrle,480-940-7360
LP001468,100,Donella,848-848-6459
LP001469,53,Martie,404-614-2833
LP001470,5,Norry,260-697-1846
LP001471,77,Merridie,755-927-6406
LP001472,50,Lennard,648-913-9685
LP001473,51,Monique,915-313-8969
LP001474,31,Jenda,671-768-9769
LP001475,2,Gery,737-185-7351
LP001476,65,Rasia,188-877-3561
LP001477,42,Eveline,563-697-9194
LP001478,70,Isidro,184-754-4255
LP001479,55,Gradey,187-978-7040
LP001480,19,Cyndie,453-797-2082
LP001481,99,Trace,952-961-3892
LP001482,78,Kizzee,715-378-6501
LP001483,77,Christiano,260-709-2143
LP001484,7,De,409-946-9753
LP001485,18,Jacky,843-743-7934
LP001486,9,Jandy,529-101-2731
LP001487,94,Gwenny,174-902-0992
LP001488,14,Ramsay,163-340-6172
LP001489,78,Daphne,964-551-4003
LP001490,1,Paulie,802-679-2653
LP001491,82,Paco,921-625-4084
LP001492,23,Leonardo,214-860-2110
LP001493,41,Conan,523-200-5098
LP001494,66,Tod,156-803-3495
LP001495,75,Gizela,956-253-9490
LP001496,100,Loni,726-814-0056
LP001497,70,Roshelle,310-183-2232
LP001498,88,Richart,771-272-5714
LP001499,77,Courtnay,683-456-4178
LP001500,55,Christy,841-920-1676
LP001501,96,Tristam,130-426-9737
LP001502,61,Billie,385-744-6499
LP001503,71,Aile,901-119-6966
LP001504,61,Peggi,806-910-1290
LP001505,85,Gualterio,172-430-3326
LP001506,23,Eduard,875-881-2144
LP001507,92,Caresse,170-573-5052
LP001508,66,Jayme,604-744-8055
LP001509,38,Charity,379-738-4174
LP001510,3,Lexie,413-888-3144
LP001511,48,Jodi,414-830-8844
LP001512,88,Denice,104-171-4881
LP001513,48,Philippa,126-260-7688
LP001514,71,Janean,429-899-5905
LP001515,31,Graeme,181-539-2130
LP001516,88,Ermentrude,588-395-8601
LP001517,32,Noell,238-248-1792
LP001518,19,Jessee,797-395-1926
LP001519,88,Nickolai,678-559-5824
LP001520,40,Hakeem,321-910-4732
LP001521,21,Fonsie,933-511-7247
LP001522,55,Margette,953-939-1557
LP001523,2,Harman,144-120-1215
LP001524,54,Horten,827-370-3319
LP001525,96,Bucky,667-906-3342
LP001526,64,Elwira,735-241-9954
LP001527,3,Kiri,954-824-0796
LP001528,100,Robers,416-762-4190
LP001529,7,Beale,682-521-5807
LP001530,23,Mikkel,326-837-9496
LP001531,26,Evelin,518-254-0256
LP001532,7,Berty,933-572-0447
LP001533,68,Francklyn,920-144-3493
LP001534,5,Lian,610-390-7890
LP001535,70,Woodrow,637-181-4331
LP001536,6,Blondell,758-948-9487
LP001537,20,Regen,163-839-9127
LP001538,84,Dorree,569-517-0901
LP001539,69,Merrilee,747-964-4976
LP001540,20,Didi,172-953-6960
LP001541,34,Alford,672-524-7398
LP001542,55,Hortensia,359-286-3265
LP001543,34,Lexis,210-476-6598
LP001544,32,Jakie,148-677-9588
LP001545,12,Sherill,337-989-1780
LP001546,39,Brennen,539-269-4520
LP001547,76,Ann-marie,320-508-5752
LP001548,97,Adina,166-535-2924
LP001549,100,Karoly,959-849-8032
LP001550,65,Fabe,402-283-8919
LP001551,33,Iorgo,277-116-2672
LP001552,29,Wayne,574-478-0935
LP001553,90,Mohammed,648-877-5470
LP001554,56,Orlan,999-937-6327
LP001555,37,Jase,549-557-3474
LP001556,86,Kelsey,347-848-5854
LP001557,69,Barry,969-896-7765
LP001558,86,Cyndi,140-166-7098
LP001559,67,Chrissie,121-583-2004
LP001560,92,Happy,734-499-9785
LP001561,47,Alie,497-550-7969
LP001562,33,Dewitt,347-847-9940
LP001563,27,Ashil,297-829-6202
LP001564,30,Riannon,540-824-2776
LP001565,24,Pauline,464-903-9713
LP001566,76,Galvan,444-146-5396
LP001567,51,Ulrikaumeko,941-573-2712
LP001568,25,Carilyn,570-764-8653
LP001569,26,Henriette,363-226-6532
LP001570,39,Farleigh,140-619-4742
LP001571,30,Fianna,718-222-3409
LP001572,98,Audi,928-951-6011
LP001573,89,Mathias,832-446-4438
LP001574,57,Angil,132-462-3109
LP001575,23,Katharina,260-360-1861
LP001576,87,Ariella,811-644-7858
LP001577,99,Wenda,699-601-3245
LP001578,34,Maitilde,553-977-4701
LP001579,94,Ophelia,641-296-6667
LP001580,54,Buiron,588-815-5470
LP001581,81,Tito,523-771-3688
LP001582,66,Berk,111-516-1132
LP001583,40,Winifield,750-674-1700
LP001584,96,Andie,268-984-6567
LP001585,33,Barby,481-872-5764
LP001586,73,Georgie,109-308-4829
LP001587,13,Witty,877-896-5980
LP001588,65,Solomon,689-464-7618
LP001589,94,Tova,625-292-2504
LP001590,58,Franny,307-619-5583
LP001591,91,Glynda,885-576-3885
LP001592,52,Leodora,859-322-1544
LP001593,88,Terrel,661-263-3989
LP001594,99,Gayler,342-985-6643
LP001595,94,Liam,405-591-5490
LP001596,1,Eugenia,475-376-5613
LP001597,86,Amory,795-711-5389
LP001598,26,Pia,548-976-6230
LP001599,46,Fairfax,820-250-7744
LP001600,34,Clarey,329-467-8750
LP001601,3,Audrye,470-693-0493
LP001602,39,Liuka,857-114-6868
LP001603,32,Lenard,928-263-2810
LP001604,59,Trixy,977-596-6755
LP001605,90,Christophorus,831-442-8073
LP001606,25,Beale,589-948-6431
LP001607,44,Terrell,921-575-7637
LP001608,98,Erma,459-583-5396
LP001609,72,Paolina,843-164-3167
LP001610,45,Loraine,664-173-5569
LP001611,62,Daven,833-290-0251
LP001612,14,Rockwell,645-227-1655
LP001613,79,Tonie,775-568-1014
LP001614,58,Willamina,619-696-4327
LP001615,94,Sebastien,679-196-0814
